Workbook

Sheet 使用说明
B2: LLM 大模型十二能力测试集 · 使用说明
B4: 十二能力维度：语言理解 · 信息提取 · 创造力 · 指令遵循 · 复杂推理 · 约束处理 · 结构化输出 · 长文本组织 · 上下文利用 · 信息检索 · 评估 · 错误识别
B6: 一、工作表结构
B7: 工作表 | C7: 用途与填写方式
B8: 使用说明 | C8: 本页：流程、各表用途与注意事项，只需阅读
B9: 模型信息 | C9: 登记参评模型（ID、厂商、接入方式、参数设置），模型ID唯一（M01、M02…）
B10: 题目信息 | C10: 十二能力题库：每题归属一个能力维度，含题干、参考答案、评分要点、满分
B11: 测试记录 | C11: 每行=某模型×某题×某轮次；D/F/I/K/L列为公式自动带出，其余人工填写
B12: 能力评分汇总 | C12: 自动汇总各模型×十二能力得分率、综合分、排名与雷达图，勿手工修改
B13: 评分标准 | C13: 通用0-10量表、各维度评分要点、LLM评审提示词模板，按需修改
B15: 二、使用流程（七步）
B16: 步骤 | C16: 操作
B17: 1 建模 | C17: 在「模型信息」登记模型，记录接入方式与参数设定（温度等全模型保持一致）
B18: 2 建题 | C18: 在「题目信息」建题，能力维度用下拉选择；建议每维度10~15题，满分统一10分
B19: 3 施测 | C19: 逐模型逐题发起测试，把原始回答完整粘贴到「测试记录」H列
B20: 4 复测 | C20: 同一题可多轮测试（运行轮次1/2/3），每轮各占一行，得分率自动平均
B21: 5 评分 | C21: 按「评分标准」打分填入J列，并选择评分方式（规则自动/LLM评审/人工）
B22: 6 汇总 | C22: 「能力评分汇总」自动计算得分率与排名，雷达图自动更新
B23: 7 定稿 | C23: 删除所有标有“示例”的行，另存定稿版本
B25: 三、注意事项
B26: 公式列 | C26: 测试记录D/F/I/K/L列与「能力评分汇总」整表均为公式，请勿手工覆盖；误删可从相邻行下拉复制恢复
B27: 精确匹配 | C27: 汇总按“模型ID+能力维度”文字精确匹配，能力维度务必用下拉选择，避免“言语理解”等同义异写
B28: 行数扩展 | C28: 模板行不够时，选中最后一行整行下拉复制，公式、格式与下拉校验会自动延续
B29: 防污染 | C29: 公开真题存在训练数据污染风险：优先用改编题/新编题，并在“污染风险”列如实标注
B30: 一致性 | C30: 所有模型使用相同题目、相同参数（温度、推理模式）与相同评分标准，结果才可比

Sheet 模型信息
B2: 参评模型登记表
B4: 模型ID | C4: 模型名称 | D4: 厂商/提供商 | E4: 版本号 | F4: 接入方式 | G4: 推理模式 | H4: 温度 | I4: 上下文长度(K) | J4: 发布时间 | K4: 测试日期 | L4: 状态 | M4: 备注
B5: M01 | C5: GLM-5 | D5: 智谱AI | E5: 待填 | F5: API-OpenAI兼容 | G5: 跟随模型默认 | H5: 0.7 | I5: 128 | L5: 待测 | M5: 示例行：请按实际修改
B6: M02 | C6: GPT-5 | D6: OpenAI | E6: 待填 | F6: API-OpenAI兼容 | G6: 跟随模型默认 | H6: 0.7 | I6: 400 | L6: 待测 | M6: 示例行：请按实际修改
B7: M03 | C7: Claude Opus 4.5 | D7: Anthropic | E7: 待填 | F7: API-OpenAI兼容 | G7: 跟随模型默认 | H7: 0.7 | I7: 200 | L7: 待测 | M7: 示例行：请按实际修改
B8: M04 | C8: Gemini 3 Pro | D8: Google | E8: 待填 | F8: API-官方SDK | G8: 跟随模型默认 | H8: 0.7 | I8: 1000 | L8: 待测 | M8: 示例行：请按实际修改
B9: M05 | C9: DeepSeek-V3.2 | D9: 深度求索 | E9: 待填 | F9: API-OpenAI兼容 | G9: 跟随模型默认 | H9: 0.7 | I9: 128 | L9: 待测 | M9: 示例行：请按实际修改
B10: M06 | C10: Qwen3-Max | D10: 阿里巴巴 | E10: 待填 | F10: API-OpenAI兼容 | G10: 跟随模型默认 | H10: 0.7 | I10: 262 | L10: 待测 | M10: 示例行：请按实际修改
B11: M07 | C11: Kimi K2 | D11: 月之暗面 | E11: 待填 | F11: API-OpenAI兼容 | G11: 跟随模型默认 | H11: 0.7 | I11: 256 | L11: 待测 | M11: 示例行：请按实际修改
B12: M08 | C12: 豆包大模型 | D12: 字节跳动 | E12: 待填 | F12: 网页端手动 | G12: 跟随模型默认 | H12: 0.7 | I12: 256 | L12: 待测 | M12: 示例行：请按实际修改

Sheet 题目信息
B2: 十二能力题库（权威题源优先）
B4: 题目ID | C4: 能力维度 | D4: 考察子类 | E4: 来源类别 | F4: 来源详情 | G4: 题型 | H4: 难度 | I4: 题干 | J4: 参考答案/要点 | K4: 评分要点 | L4: 满分 | M4: 污染风险 | N4: 状态 | O4: 备注
B5: Q001 | C5: 语言理解 | D5: 【示例】病句辨析 | E5: 新编题 | F5: 【示例】新编题可留空 | G5: 单项选择 | H5: 3 | I5: 【示例题干】此处粘贴完整题干与选项；正式建题时请替换本题。 | J5: 【示例】C | K5: 【示例】答对得满分10分；答错或未作答0分 | L5: 10 | M5: 低·新编题 | N5: 候选 | O5: 示例行：正式建题时替换

Sheet 测试记录
B2: 测试原始记录（每行 = 模型 × 题目 × 轮次）
B4: 记录ID | C4: 模型ID | D4: 模型名称 | E4: 题目ID | F4: 能力维度 | G4: 运行轮次 | H4: 模型原始回答 | I4: 参考答案 | J4: 得分 | K4: 满分 | L4: 得分率 | M4: 评分方式 | N4: 评语 | O4: 测试日期 | P4: 备注
B5: R0001 | C5: M01 | D5: =IF($C5="","",IFERROR(VLOOKUP($C5,模型信息!$B$5:$C$24,2,0),"未登记")) -> GLM-5 | E5: Q001 | F5: =IF($E5="","",IFERROR(VLOOKUP($E5,题目信息!$B$5:$C$64,2,0),"未登记")) -> 语言理解 | G5: 1 | H5: 【示例回答】此处粘贴模型的完整原始输出。（示例数据，正式测试前删除本行） | I5: =IF($E5="","",IFERROR(VLOOKUP($E5,题目信息!$B$5:$J$64,9,0),"")) -> 【示例】C | J5: 8 | K5: =IF($E5="","",IFERROR(VLOOKUP($E5,题目信息!$B$5:$L$64,11,0),10)) -> 10 | L5: =IF(OR($J5="",$K5=""),"",$J5/$K5) -> 0.8 | M5: LLM评审 | N5: 【示例】示例记录，正式测试前删除本行 | O5: 2026-10-22 | P5: 示例行
B6: R0002 | C6: M02 | D6: =IF($C6="","",IFERROR(VLOOKUP($C6,模型信息!$B$5:$C$24,2,0),"未登记")) -> GPT-5 | E6: Q001 | F6: =IF($E6="","",IFERROR(VLOOKUP($E6,题目信息!$B$5:$C$64,2,0),"未登记")) -> 语言理解 | G6: 1 | H6: 【示例回答】此处粘贴模型的完整原始输出。（示例数据，正式测试前删除本行） | I6: =IF($E6="","",IFERROR(VLOOKUP($E6,题目信息!$B$5:$J$64,9,0),"")) -> 【示例】C | J6: 6 | K6: =IF($E6="","",IFERROR(VLOOKUP($E6,题目信息!$B$5:$L$64,11,0),10)) -> 10 | L6: =IF(OR($J6="",$K6=""),"",$J6/$K6) -> 0.6 | M6: 规则自动判分 | N6: 【示例】示例记录，正式测试前删除本行 | O6: 2026-10-22 | P6: 示例行
D7: =IF($C7="","",IFERROR(VLOOKUP($C7,模型信息!$B$5:$C$24,2,0),"未登记")) | F7: =IF($E7="","",IFERROR(VLOOKUP($E7,题目信息!$B$5:$C$64,2,0),"未登记")) | I7: =IF($E7="","",IFERROR(VLOOKUP($E7,题目信息!$B$5:$J$64,9,0),"")) | K7: =IF($E7="","",IFERROR(VLOOKUP($E7,题目信息!$B$5:$L$64,11,0),10)) | L7: =IF(OR($J7="",$K7=""),"",$J7/$K7)
D8: =IF($C8="","",IFERROR(VLOOKUP($C8,模型信息!$B$5:$C$24,2,0),"未登记")) | F8: =IF($E8="","",IFERROR(VLOOKUP($E8,题目信息!$B$5:$C$64,2,0),"未登记")) | I8: =IF($E8="","",IFERROR(VLOOKUP($E8,题目信息!$B$5:$J$64,9,0),"")) | K8: =IF($E8="","",IFERROR(VLOOKUP($E8,题目信息!$B$5:$L$64,11,0),10)) | L8: =IF(OR($J8="",$K8=""),"",$J8/$K8)
D9: =IF($C9="","",IFERROR(VLOOKUP($C9,模型信息!$B$5:$C$24,2,0),"未登记")) | F9: =IF($E9="","",IFERROR(VLOOKUP($E9,题目信息!$B$5:$C$64,2,0),"未登记")) | I9: =IF($E9="","",IFERROR(VLOOKUP($E9,题目信息!$B$5:$J$64,9,0),"")) | K9: =IF($E9="","",IFERROR(VLOOKUP($E9,题目信息!$B$5:$L$64,11,0),10)) | L9: =IF(OR($J9="",$K9=""),"",$J9/$K9)
D10: =IF($C10="","",IFERROR(VLOOKUP($C10,模型信息!$B$5:$C$24,2,0),"未登记")) | F10: =IF($E10="","",IFERROR(VLOOKUP($E10,题目信息!$B$5:$C$64,2,0),"未登记")) | I10: =IF($E10="","",IFERROR(VLOOKUP($E10,题目信息!$B$5:$J$64,9,0),"")) | K10: =IF($E10="","",IFERROR(VLOOKUP($E10,题目信息!$B$5:$L$64,11,0),10)) | L10: =IF(OR($J10="",$K10=""),"",$J10/$K10)
D11: =IF($C11="","",IFERROR(VLOOKUP($C11,模型信息!$B$5:$C$24,2,0),"未登记")) | F11: =IF($E11="","",IFERROR(VLOOKUP($E11,题目信息!$B$5:$C$64,2,0),"未登记")) | I11: =IF($E11="","",IFERROR(VLOOKUP($E11,题目信息!$B$5:$J$64,9,0),"")) | K11: =IF($E11="","",IFERROR(VLOOKUP($E11,题目信息!$B$5:$L$64,11,0),10)) | L11: =IF(OR($J11="",$K11=""),"",$J11/$K11)
D12: =IF($C12="","",IFERROR(VLOOKUP($C12,模型信息!$B$5:$C$24,2,0),"未登记")) | F12: =IF($E12="","",IFERROR(VLOOKUP($E12,题目信息!$B$5:$C$64,2,0),"未登记")) | I12: =IF($E12="","",IFERROR(VLOOKUP($E12,题目信息!$B$5:$J$64,9,0),"")) | K12: =IF($E12="","",IFERROR(VLOOKUP($E12,题目信息!$B$5:$L$64,11,0),10)) | L12: =IF(OR($J12="",$K12=""),"",$J12/$K12)
D13: =IF($C13="","",IFERROR(VLOOKUP($C13,模型信息!$B$5:$C$24,2,0),"未登记")) | F13: =IF($E13="","",IFERROR(VLOOKUP($E13,题目信息!$B$5:$C$64,2,0),"未登记")) | I13: =IF($E13="","",IFERROR(VLOOKUP($E13,题目信息!$B$5:$J$64,9,0),"")) | K13: =IF($E13="","",IFERROR(VLOOKUP($E13,题目信息!$B$5:$L$64,11,0),10)) | L13: =IF(OR($J13="",$K13=""),"",$J13/$K13)
D14: =IF($C14="","",IFERROR(VLOOKUP($C14,模型信息!$B$5:$C$24,2,0),"未登记")) | F14: =IF($E14="","",IFERROR(VLOOKUP($E14,题目信息!$B$5:$C$64,2,0),"未登记")) | I14: =IF($E14="","",IFERROR(VLOOKUP($E14,题目信息!$B$5:$J$64,9,0),"")) | K14: =IF($E14="","",IFERROR(VLOOKUP($E14,题目信息!$B$5:$L$64,11,0),10)) | L14: =IF(OR($J14="",$K14=""),"",$J14/$K14)
D15: =IF($C15="","",IFERROR(VLOOKUP($C15,模型信息!$B$5:$C$24,2,0),"未登记")) | F15: =IF($E15="","",IFERROR(VLOOKUP($E15,题目信息!$B$5:$C$64,2,0),"未登记")) | I15: =IF($E15="","",IFERROR(VLOOKUP($E15,题目信息!$B$5:$J$64,9,0),"")) | K15: =IF($E15="","",IFERROR(VLOOKUP($E15,题目信息!$B$5:$L$64,11,0),10)) | L15: =IF(OR($J15="",$K15=""),"",$J15/$K15)
D16: =IF($C16="","",IFERROR(VLOOKUP($C16,模型信息!$B$5:$C$24,2,0),"未登记")) | F16: =IF($E16="","",IFERROR(VLOOKUP($E16,题目信息!$B$5:$C$64,2,0),"未登记")) | I16: =IF($E16="","",IFERROR(VLOOKUP($E16,题目信息!$B$5:$J$64,9,0),"")) | K16: =IF($E16="","",IFERROR(VLOOKUP($E16,题目信息!$B$5:$L$64,11,0),10)) | L16: =IF(OR($J16="",$K16=""),"",$J16/$K16)
D17: =IF($C17="","",IFERROR(VLOOKUP($C17,模型信息!$B$5:$C$24,2,0),"未登记")) | F17: =IF($E17="","",IFERROR(VLOOKUP($E17,题目信息!$B$5:$C$64,2,0),"未登记")) | I17: =IF($E17="","",IFERROR(VLOOKUP($E17,题目信息!$B$5:$J$64,9,0),"")) | K17: =IF($E17="","",IFERROR(VLOOKUP($E17,题目信息!$B$5:$L$64,11,0),10)) | L17: =IF(OR($J17="",$K17=""),"",$J17/$K17)
D18: =IF($C18="","",IFERROR(VLOOKUP($C18,模型信息!$B$5:$C$24,2,0),"未登记")) | F18: =IF($E18="","",IFERROR(VLOOKUP($E18,题目信息!$B$5:$C$64,2,0),"未登记")) | I18: =IF($E18="","",IFERROR(VLOOKUP($E18,题目信息!$B$5:$J$64,9,0),"")) | K18: =IF($E18="","",IFERROR(VLOOKUP($E18,题目信息!$B$5:$L$64,11,0),10)) | L18: =IF(OR($J18="",$K18=""),"",$J18/$K18)
... D124: =IF($C124="","",IFERROR(VLOOKUP($C124,模型信息!$B$5:$C$24,2,0),"未登记")) | F124: =IF($E124="","",IFERROR(VLOOKUP($E124,题目信息!$B$5:$C$64,2,0),"未登记")) | I124: =IF($E124="","",IFERROR(VLOOKUP($E124,题目信息!$B$5:$J$64,9,0),"")) | K124: =IF($E124="","",IFERROR(VLOOKUP($E124,题目信息!$B$5:$L$64,11,0),10)) | L124: =IF(OR($J124="",$K124=""),"",$J124/$K124)

Sheet 能力评分汇总
B2: 能力评分汇总（公式自动计算，无需手工填写）
B4: 模型ID | C4: 模型名称 | D4: 语言理解 | E4: 信息提取 | F4: 创造力 | G4: 指令遵循 | H4: 复杂推理 | I4: 约束处理 | J4: 结构化输出 | K4: 长文本组织 | L4: 上下文利用 | M4: 信息检索 | N4: 评估 | O4: 错误识别 | P4: 综合得分率 | Q4: 测试记录数 | R4: 排名
B5: =IF(模型信息!B5="","",模型信息!B5) -> M01 | C5: =IF($B5="","",IFERROR(VLOOKUP($B5,模型信息!$B$5:$C$24,2,0),"")) -> GLM-5 | D5: =IF($B5="","",IFERROR(AVERAGEIFS(测试记录!$L$5:$L$124,测试记录!$C$5:$C$124,$B5,测试记录!$F$5:$F$124,D$4),"")) -> 0.8 | E5: =IF($B5="","",IFERROR(AVERAGEIFS(测试记录!$L$5:$L$124,测试记录!$C$5:$C$124,$B5,测试记录!$F$5:$F$124,E$4),"")) | F5: =IF($B5="","",IFERROR(AVERAGEIFS(测试记录!$L$5:$L$124,测试记录!$C$5:$C$124,$B5,测试记录!$F$5:$F$124,F$4),"")) | G5: =IF($B5="","",IFERROR(AVERAGEIFS(测试记录!$L$5:$L$124,测试记录!$C$5:$C$124,$B5,测试记录!$F$5:$F$124,G$4),"")) | H5: =IF($B5="","",IFERROR(AVERAGEIFS(测试记录!$L$5:$L$124,测试记录!$C$5:$C$124,$B5,测试记录!$F$5:$F$124,H$4),"")) | I5: =IF($B5="","",IFERROR(AVERAGEIFS(测试记录!$L$5:$L$124,测试记录!$C$5:$C$124,$B5,测试记录!$F$5:$F$124,I$4),"")) | J5: =IF($B5="","",IFERROR(AVERAGEIFS(测试记录!$L$5:$L$124,测试记录!$C$5:$C$124,$B5,测试记录!$F$5:$F$124,J$4),"")) | K5: =IF($B5="","",IFERROR(AVERAGEIFS(测试记录!$L$5:$L$124,测试记录!$C$5:$C$124,$B5,测试记录!$F$5:$F$124,K$4),"")) | ... O5: =IF($B5="","",IFERROR(AVERAGEIFS(测试记录!$L$5:$L$124,测试记录!$C$5:$C$124,$B5,测试记录!$F$5:$F$124,O$4),"")) | P5: =IF($B5="","",IFERROR(AVERAGEIFS(测试记录!$L$5:$L$124,测试记录!$C$5:$C$124,$B5),"")) -> 0.8 | Q5: =IF($B5="","",COUNTIFS(测试记录!$C$5:$C$124,$B5)) -> 1 | R5: =IF($P5="","",IFERROR(RANK($P5,$P$5:$P$24),"")) -> 1
B6: =IF(模型信息!B6="","",模型信息!B6) -> M02 | C6: =IF($B6="","",IFERROR(VLOOKUP($B6,模型信息!$B$5:$C$24,2,0),"")) -> GPT-5 | D6: =IF($B6="","",IFERROR(AVERAGEIFS(测试记录!$L$5:$L$124,测试记录!$C$5:$C$124,$B6,测试记录!$F$5:$F$124,D$4),"")) -> 0.6 | E6: =IF($B6="","",IFERROR(AVERAGEIFS(测试记录!$L$5:$L$124,测试记录!$C$5:$C$124,$B6,测试记录!$F$5:$F$124,E$4),"")) | F6: =IF($B6="","",IFERROR(AVERAGEIFS(测试记录!$L$5:$L$124,测试记录!$C$5:$C$124,$B6,测试记录!$F$5:$F$124,F$4),"")) | G6: =IF($B6="","",IFERROR(AVERAGEIFS(测试记录!$L$5:$L$124,测试记录!$C$5:$C$124,$B6,测试记录!$F$5:$F$124,G$4),"")) | H6: =IF($B6="","",IFERROR(AVERAGEIFS(测试记录!$L$5:$L$124,测试记录!$C$5:$C$124,$B6,测试记录!$F$5:$F$124,H$4),"")) | I6: =IF($B6="","",IFERROR(AVERAGEIFS(测试记录!$L$5:$L$124,测试记录!$C$5:$C$124,$B6,测试记录!$F$5:$F$124,I$4),"")) | J6: =IF($B6="","",IFERROR(AVERAGEIFS(测试记录!$L$5:$L$124,测试记录!$C$5:$C$124,$B6,测试记录!$F$5:$F$124,J$4),"")) | K6: =IF($B6="","",IFERROR(AVERAGEIFS(测试记录!$L$5:$L$124,测试记录!$C$5:$C$124,$B6,测试记录!$F$5:$F$124,K$4),"")) | ... O6: =IF($B6="","",IFERROR(AVERAGEIFS(测试记录!$L$5:$L$124,测试记录!$C$5:$C$124,$B6,测试记录!$F$5:$F$124,O$4),"")) | P6: =IF($B6="","",IFERROR(AVERAGEIFS(测试记录!$L$5:$L$124,测试记录!$C$5:$C$124,$B6),"")) -> 0.6 | Q6: =IF($B6="","",COUNTIFS(测试记录!$C$5:$C$124,$B6)) -> 1 | R6: =IF($P6="","",IFERROR(RANK($P6,$P$5:$P$24),"")) -> 2
B7: =IF(模型信息!B7="","",模型信息!B7) -> M03 | C7: =IF($B7="","",IFERROR(VLOOKUP($B7,模型信息!$B$5:$C$24,2,0),"")) -> Claude Opus 4.5 | D7: =IF($B7="","",IFERROR(AVERAGEIFS(测试记录!$L$5:$L$124,测试记录!$C$5:$C$124,$B7,测试记录!$F$5:$F$124,D$4),"")) | E7: =IF($B7="","",IFERROR(AVERAGEIFS(测试记录!$L$5:$L$124,测试记录!$C$5:$C$124,$B7,测试记录!$F$5:$F$124,E$4),"")) | F7: =IF($B7="","",IFERROR(AVERAGEIFS(测试记录!$L$5:$L$124,测试记录!$C$5:$C$124,$B7,测试记录!$F$5:$F$124,F$4),"")) | G7: =IF($B7="","",IFERROR(AVERAGEIFS(测试记录!$L$5:$L$124,测试记录!$C$5:$C$124,$B7,测试记录!$F$5:$F$124,G$4),"")) | H7: =IF($B7="","",IFERROR(AVERAGEIFS(测试记录!$L$5:$L$124,测试记录!$C$5:$C$124,$B7,测试记录!$F$5:$F$124,H$4),"")) | I7: =IF($B7="","",IFERROR(AVERAGEIFS(测试记录!$L$5:$L$124,测试记录!$C$5:$C$124,$B7,测试记录!$F$5:$F$124,I$4),"")) | J7: =IF($B7="","",IFERROR(AVERAGEIFS(测试记录!$L$5:$L$124,测试记录!$C$5:$C$124,$B7,测试记录!$F$5:$F$124,J$4),"")) | K7: =IF($B7="","",IFERROR(AVERAGEIFS(测试记录!$L$5:$L$124,测试记录!$C$5:$C$124,$B7,测试记录!$F$5:$F$124,K$4),"")) | ... O7: =IF($B7="","",IFERROR(AVERAGEIFS(测试记录!$L$5:$L$124,测试记录!$C$5:$C$124,$B7,测试记录!$F$5:$F$124,O$4),"")) | P7: =IF($B7="","",IFERROR(AVERAGEIFS(测试记录!$L$5:$L$124,测试记录!$C$5:$C$124,$B7),"")) | Q7: =IF($B7="","",COUNTIFS(测试记录!$C$5:$C$124,$B7)) -> 0 | R7: =IF($P7="","",IFERROR(RANK($P7,$P$5:$P$24),""))
B8: =IF(模型信息!B8="","",模型信息!B8) -> M04 | C8: =IF($B8="","",IFERROR(VLOOKUP($B8,模型信息!$B$5:$C$24,2,0),"")) -> Gemini 3 Pro | D8: =IF($B8="","",IFERROR(AVERAGEIFS(测试记录!$L$5:$L$124,测试记录!$C$5:$C$124,$B8,测试记录!$F$5:$F$124,D$4),"")) | E8: =IF($B8="","",IFERROR(AVERAGEIFS(测试记录!$L$5:$L$124,测试记录!$C$5:$C$124,$B8,测试记录!$F$5:$F$124,E$4),"")) | F8: =IF($B8="","",IFERROR(AVERAGEIFS(测试记录!$L$5:$L$124,测试记录!$C$5:$C$124,$B8,测试记录!$F$5:$F$124,F$4),"")) | G8: =IF($B8="","",IFERROR(AVERAGEIFS(测试记录!$L$5:$L$124,测试记录!$C$5:$C$124,$B8,测试记录!$F$5:$F$124,G$4),"")) | H8: =IF($B8="","",IFERROR(AVERAGEIFS(测试记录!$L$5:$L$124,测试记录!$C$5:$C$124,$B8,测试记录!$F$5:$F$124,H$4),"")) | I8: =IF($B8="","",IFERROR(AVERAGEIFS(测试记录!$L$5:$L$124,测试记录!$C$5:$C$124,$B8,测试记录!$F$5:$F$124,I$4),"")) | J8: =IF($B8="","",IFERROR(AVERAGEIFS(测试记录!$L$5:$L$124,测试记录!$C$5:$C$124,$B8,测试记录!$F$5:$F$124,J$4),"")) | K8: =IF($B8="","",IFERROR(AVERAGEIFS(测试记录!$L$5:$L$124,测试记录!$C$5:$C$124,$B8,测试记录!$F$5:$F$124,K$4),"")) | ... O8: =IF($B8="","",IFERROR(AVERAGEIFS(测试记录!$L$5:$L$124,测试记录!$C$5:$C$124,$B8,测试记录!$F$5:$F$124,O$4),"")) | P8: =IF($B8="","",IFERROR(AVERAGEIFS(测试记录!$L$5:$L$124,测试记录!$C$5:$C$124,$B8),"")) | Q8: =IF($B8="","",COUNTIFS(测试记录!$C$5:$C$124,$B8)) -> 0 | R8: =IF($P8="","",IFERROR(RANK($P8,$P$5:$P$24),""))
B9: =IF(模型信息!B9="","",模型信息!B9) -> M05 | C9: =IF($B9="","",IFERROR(VLOOKUP($B9,模型信息!$B$5:$C$24,2,0),"")) -> DeepSeek-V3.2 | D9: =IF($B9="","",IFERROR(AVERAGEIFS(测试记录!$L$5:$L$124,测试记录!$C$5:$C$124,$B9,测试记录!$F$5:$F$124,D$4),"")) | E9: =IF($B9="","",IFERROR(AVERAGEIFS(测试记录!$L$5:$L$124,测试记录!$C$5:$C$124,$B9,测试记录!$F$5:$F$124,E$4),"")) | F9: =IF($B9="","",IFERROR(AVERAGEIFS(测试记录!$L$5:$L$124,测试记录!$C$5:$C$124,$B9,测试记录!$F$5:$F$124,F$4),"")) | G9: =IF($B9="","",IFERROR(AVERAGEIFS(测试记录!$L$5:$L$124,测试记录!$C$5:$C$124,$B9,测试记录!$F$5:$F$124,G$4),"")) | H9: =IF($B9="","",IFERROR(AVERAGEIFS(测试记录!$L$5:$L$124,测试记录!$C$5:$C$124,$B9,测试记录!$F$5:$F$124,H$4),"")) | I9: =IF($B9="","",IFERROR(AVERAGEIFS(测试记录!$L$5:$L$124,测试记录!$C$5:$C$124,$B9,测试记录!$F$5:$F$124,I$4),"")) | J9: =IF($B9="","",IFERROR(AVERAGEIFS(测试记录!$L$5:$L$124,测试记录!$C$5:$C$124,$B9,测试记录!$F$5:$F$124,J$4),"")) | K9: =IF($B9="","",IFERROR(AVERAGEIFS(测试记录!$L$5:$L$124,测试记录!$C$5:$C$124,$B9,测试记录!$F$5:$F$124,K$4),"")) | ... O9: =IF($B9="","",IFERROR(AVERAGEIFS(测试记录!$L$5:$L$124,测试记录!$C$5:$C$124,$B9,测试记录!$F$5:$F$124,O$4),"")) | P9: =IF($B9="","",IFERROR(AVERAGEIFS(测试记录!$L$5:$L$124,测试记录!$C$5:$C$124,$B9),"")) | Q9: =IF($B9="","",COUNTIFS(测试记录!$C$5:$C$124,$B9)) -> 0 | R9: =IF($P9="","",IFERROR(RANK($P9,$P$5:$P$24),""))
B10: =IF(模型信息!B10="","",模型信息!B10) -> M06 | C10: =IF($B10="","",IFERROR(VLOOKUP($B10,模型信息!$B$5:$C$24,2,0),"")) -> Qwen3-Max | D10: =IF($B10="","",IFERROR(AVERAGEIFS(测试记录!$L$5:$L$124,测试记录!$C$5:$C$124,$B10,测试记录!$F$5:$F$124,D$4),"")) | E10: =IF($B10="","",IFERROR(AVERAGEIFS(测试记录!$L$5:$L$124,测试记录!$C$5:$C$124,$B10,测试记录!$F$5:$F$124,E$4),"")) | F10: =IF($B10="","",IFERROR(AVERAGEIFS(测试记录!$L$5:$L$124,测试记录!$C$5:$C$124,$B10,测试记录!$F$5:$F$124,F$4),"")) | G10: =IF($B10="","",IFERROR(AVERAGEIFS(测试记录!$L$5:$L$124,测试记录!$C$5:$C$124,$B10,测试记录!$F$5:$F$124,G$4),"")) | H10: =IF($B10="","",IFERROR(AVERAGEIFS(测试记录!$L$5:$L$124,测试记录!$C$5:$C$124,$B10,测试记录!$F$5:$F$124,H$4),"")) | I10: =IF($B10="","",IFERROR(AVERAGEIFS(测试记录!$L$5:$L$124,测试记录!$C$5:$C$124,$B10,测试记录!$F$5:$F$124,I$4),"")) | J10: =IF($B10="","",IFERROR(AVERAGEIFS(测试记录!$L$5:$L$124,测试记录!$C$5:$C$124,$B10,测试记录!$F$5:$F$124,J$4),"")) | K10: =IF($B10="","",IFERROR(AVERAGEIFS(测试记录!$L$5:$L$124,测试记录!$C$5:$C$124,$B10,测试记录!$F$5:$F$124,K$4),"")) | ... O10: =IF($B10="","",IFERROR(AVERAGEIFS(测试记录!$L$5:$L$124,测试记录!$C$5:$C$124,$B10,测试记录!$F$5:$F$124,O$4),"")) | P10: =IF($B10="","",IFERROR(AVERAGEIFS(测试记录!$L$5:$L$124,测试记录!$C$5:$C$124,$B10),"")) | Q10: =IF($B10="","",COUNTIFS(测试记录!$C$5:$C$124,$B10)) -> 0 | R10: =IF($P10="","",IFERROR(RANK($P10,$P$5:$P$24),""))
B11: =IF(模型信息!B11="","",模型信息!B11) -> M07 | C11: =IF($B11="","",IFERROR(VLOOKUP($B11,模型信息!$B$5:$C$24,2,0),"")) -> Kimi K2 | D11: =IF($B11="","",IFERROR(AVERAGEIFS(测试记录!$L$5:$L$124,测试记录!$C$5:$C$124,$B11,测试记录!$F$5:$F$124,D$4),"")) | E11: =IF($B11="","",IFERROR(AVERAGEIFS(测试记录!$L$5:$L$124,测试记录!$C$5:$C$124,$B11,测试记录!$F$5:$F$124,E$4),"")) | F11: =IF($B11="","",IFERROR(AVERAGEIFS(测试记录!$L$5:$L$124,测试记录!$C$5:$C$124,$B11,测试记录!$F$5:$F$124,F$4),"")) | G11: =IF($B11="","",IFERROR(AVERAGEIFS(测试记录!$L$5:$L$124,测试记录!$C$5:$C$124,$B11,测试记录!$F$5:$F$124,G$4),"")) | H11: =IF($B11="","",IFERROR(AVERAGEIFS(测试记录!$L$5:$L$124,测试记录!$C$5:$C$124,$B11,测试记录!$F$5:$F$124,H$4),"")) | I11: =IF($B11="","",IFERROR(AVERAGEIFS(测试记录!$L$5:$L$124,测试记录!$C$5:$C$124,$B11,测试记录!$F$5:$F$124,I$4),"")) | J11: =IF($B11="","",IFERROR(AVERAGEIFS(测试记录!$L$5:$L$124,测试记录!$C$5:$C$124,$B11,测试记录!$F$5:$F$124,J$4),"")) | K11: =IF($B11="","",IFERROR(AVERAGEIFS(测试记录!$L$5:$L$124,测试记录!$C$5:$C$124,$B11,测试记录!$F$5:$F$124,K$4),"")) | ... O11: =IF($B11="","",IFERROR(AVERAGEIFS(测试记录!$L$5:$L$124,测试记录!$C$5:$C$124,$B11,测试记录!$F$5:$F$124,O$4),"")) | P11: =IF($B11="","",IFERROR(AVERAGEIFS(测试记录!$L$5:$L$124,测试记录!$C$5:$C$124,$B11),"")) | Q11: =IF($B11="","",COUNTIFS(测试记录!$C$5:$C$124,$B11)) -> 0 | R11: =IF($P11="","",IFERROR(RANK($P11,$P$5:$P$24),""))
B12: =IF(模型信息!B12="","",模型信息!B12) -> M08 | C12: =IF($B12="","",IFERROR(VLOOKUP($B12,模型信息!$B$5:$C$24,2,0),"")) -> 豆包大模型 | D12: =IF($B12="","",IFERROR(AVERAGEIFS(测试记录!$L$5:$L$124,测试记录!$C$5:$C$124,$B12,测试记录!$F$5:$F$124,D$4),"")) | E12: =IF($B12="","",IFERROR(AVERAGEIFS(测试记录!$L$5:$L$124,测试记录!$C$5:$C$124,$B12,测试记录!$F$5:$F$124,E$4),"")) | F12: =IF($B12="","",IFERROR(AVERAGEIFS(测试记录!$L$5:$L$124,测试记录!$C$5:$C$124,$B12,测试记录!$F$5:$F$124,F$4),"")) | G12: =IF($B12="","",IFERROR(AVERAGEIFS(测试记录!$L$5:$L$124,测试记录!$C$5:$C$124,$B12,测试记录!$F$5:$F$124,G$4),"")) | H12: =IF($B12="","",IFERROR(AVERAGEIFS(测试记录!$L$5:$L$124,测试记录!$C$5:$C$124,$B12,测试记录!$F$5:$F$124,H$4),"")) | I12: =IF($B12="","",IFERROR(AVERAGEIFS(测试记录!$L$5:$L$124,测试记录!$C$5:$C$124,$B12,测试记录!$F$5:$F$124,I$4),"")) | J12: =IF($B12="","",IFERROR(AVERAGEIFS(测试记录!$L$5:$L$124,测试记录!$C$5:$C$124,$B12,测试记录!$F$5:$F$124,J$4),"")) | K12: =IF($B12="","",IFERROR(AVERAGEIFS(测试记录!$L$5:$L$124,测试记录!$C$5:$C$124,$B12,测试记录!$F$5:$F$124,K$4),"")) | ... O12: =IF($B12="","",IFERROR(AVERAGEIFS(测试记录!$L$5:$L$124,测试记录!$C$5:$C$124,$B12,测试记录!$F$5:$F$124,O$4),"")) | P12: =IF($B12="","",IFERROR(AVERAGEIFS(测试记录!$L$5:$L$124,测试记录!$C$5:$C$124,$B12),"")) | Q12: =IF($B12="","",COUNTIFS(测试记录!$C$5:$C$124,$B12)) -> 0 | R12: =IF($P12="","",IFERROR(RANK($P12,$P$5:$P$24),""))
B13: =IF(模型信息!B13="","",模型信息!B13) | C13: =IF($B13="","",IFERROR(VLOOKUP($B13,模型信息!$B$5:$C$24,2,0),"")) | D13: =IF($B13="","",IFERROR(AVERAGEIFS(测试记录!$L$5:$L$124,测试记录!$C$5:$C$124,$B13,测试记录!$F$5:$F$124,D$4),"")) | E13: =IF($B13="","",IFERROR(AVERAGEIFS(测试记录!$L$5:$L$124,测试记录!$C$5:$C$124,$B13,测试记录!$F$5:$F$124,E$4),"")) | F13: =IF($B13="","",IFERROR(AVERAGEIFS(测试记录!$L$5:$L$124,测试记录!$C$5:$C$124,$B13,测试记录!$F$5:$F$124,F$4),"")) | G13: =IF($B13="","",IFERROR(AVERAGEIFS(测试记录!$L$5:$L$124,测试记录!$C$5:$C$124,$B13,测试记录!$F$5:$F$124,G$4),"")) | H13: =IF($B13="","",IFERROR(AVERAGEIFS(测试记录!$L$5:$L$124,测试记录!$C$5:$C$124,$B13,测试记录!$F$5:$F$124,H$4),"")) | I13: =IF($B13="","",IFERROR(AVERAGEIFS(测试记录!$L$5:$L$124,测试记录!$C$5:$C$124,$B13,测试记录!$F$5:$F$124,I$4),"")) | J13: =IF($B13="","",IFERROR(AVERAGEIFS(测试记录!$L$5:$L$124,测试记录!$C$5:$C$124,$B13,测试记录!$F$5:$F$124,J$4),"")) | K13: =IF($B13="","",IFERROR(AVERAGEIFS(测试记录!$L$5:$L$124,测试记录!$C$5:$C$124,$B13,测试记录!$F$5:$F$124,K$4),"")) | ... O13: =IF($B13="","",IFERROR(AVERAGEIFS(测试记录!$L$5:$L$124,测试记录!$C$5:$C$124,$B13,测试记录!$F$5:$F$124,O$4),"")) | P13: =IF($B13="","",IFERROR(AVERAGEIFS(测试记录!$L$5:$L$124,测试记录!$C$5:$C$124,$B13),"")) | Q13: =IF($B13="","",COUNTIFS(测试记录!$C$5:$C$124,$B13)) | R13: =IF($P13="","",IFERROR(RANK($P13,$P$5:$P$24),""))
B14: =IF(模型信息!B14="","",模型信息!B14) | C14: =IF($B14="","",IFERROR(VLOOKUP($B14,模型信息!$B$5:$C$24,2,0),"")) | D14: =IF($B14="","",IFERROR(AVERAGEIFS(测试记录!$L$5:$L$124,测试记录!$C$5:$C$124,$B14,测试记录!$F$5:$F$124,D$4),"")) | E14: =IF($B14="","",IFERROR(AVERAGEIFS(测试记录!$L$5:$L$124,测试记录!$C$5:$C$124,$B14,测试记录!$F$5:$F$124,E$4),"")) | F14: =IF($B14="","",IFERROR(AVERAGEIFS(测试记录!$L$5:$L$124,测试记录!$C$5:$C$124,$B14,测试记录!$F$5:$F$124,F$4),"")) | G14: =IF($B14="","",IFERROR(AVERAGEIFS(测试记录!$L$5:$L$124,测试记录!$C$5:$C$124,$B14,测试记录!$F$5:$F$124,G$4),"")) | H14: =IF($B14="","",IFERROR(AVERAGEIFS(测试记录!$L$5:$L$124,测试记录!$C$5:$C$124,$B14,测试记录!$F$5:$F$124,H$4),"")) | I14: =IF($B14="","",IFERROR(AVERAGEIFS(测试记录!$L$5:$L$124,测试记录!$C$5:$C$124,$B14,测试记录!$F$5:$F$124,I$4),"")) | J14: =IF($B14="","",IFERROR(AVERAGEIFS(测试记录!$L$5:$L$124,测试记录!$C$5:$C$124,$B14,测试记录!$F$5:$F$124,J$4),"")) | K14: =IF($B14="","",IFERROR(AVERAGEIFS(测试记录!$L$5:$L$124,测试记录!$C$5:$C$124,$B14,测试记录!$F$5:$F$124,K$4),"")) | ... O14: =IF($B14="","",IFERROR(AVERAGEIFS(测试记录!$L$5:$L$124,测试记录!$C$5:$C$124,$B14,测试记录!$F$5:$F$124,O$4),"")) | P14: =IF($B14="","",IFERROR(AVERAGEIFS(测试记录!$L$5:$L$124,测试记录!$C$5:$C$124,$B14),"")) | Q14: =IF($B14="","",COUNTIFS(测试记录!$C$5:$C$124,$B14)) | R14: =IF($P14="","",IFERROR(RANK($P14,$P$5:$P$24),""))
B15: =IF(模型信息!B15="","",模型信息!B15) | C15: =IF($B15="","",IFERROR(VLOOKUP($B15,模型信息!$B$5:$C$24,2,0),"")) | D15: =IF($B15="","",IFERROR(AVERAGEIFS(测试记录!$L$5:$L$124,测试记录!$C$5:$C$124,$B15,测试记录!$F$5:$F$124,D$4),"")) | E15: =IF($B15="","",IFERROR(AVERAGEIFS(测试记录!$L$5:$L$124,测试记录!$C$5:$C$124,$B15,测试记录!$F$5:$F$124,E$4),"")) | F15: =IF($B15="","",IFERROR(AVERAGEIFS(测试记录!$L$5:$L$124,测试记录!$C$5:$C$124,$B15,测试记录!$F$5:$F$124,F$4),"")) | G15: =IF($B15="","",IFERROR(AVERAGEIFS(测试记录!$L$5:$L$124,测试记录!$C$5:$C$124,$B15,测试记录!$F$5:$F$124,G$4),"")) | H15: =IF($B15="","",IFERROR(AVERAGEIFS(测试记录!$L$5:$L$124,测试记录!$C$5:$C$124,$B15,测试记录!$F$5:$F$124,H$4),"")) | I15: =IF($B15="","",IFERROR(AVERAGEIFS(测试记录!$L$5:$L$124,测试记录!$C$5:$C$124,$B15,测试记录!$F$5:$F$124,I$4),"")) | J15: =IF($B15="","",IFERROR(AVERAGEIFS(测试记录!$L$5:$L$124,测试记录!$C$5:$C$124,$B15,测试记录!$F$5:$F$124,J$4),"")) | K15: =IF($B15="","",IFERROR(AVERAGEIFS(测试记录!$L$5:$L$124,测试记录!$C$5:$C$124,$B15,测试记录!$F$5:$F$124,K$4),"")) | ... O15: =IF($B15="","",IFERROR(AVERAGEIFS(测试记录!$L$5:$L$124,测试记录!$C$5:$C$124,$B15,测试记录!$F$5:$F$124,O$4),"")) | P15: =IF($B15="","",IFERROR(AVERAGEIFS(测试记录!$L$5:$L$124,测试记录!$C$5:$C$124,$B15),"")) | Q15: =IF($B15="","",COUNTIFS(测试记录!$C$5:$C$124,$B15)) | R15: =IF($P15="","",IFERROR(RANK($P15,$P$5:$P$24),""))
B16: =IF(模型信息!B16="","",模型信息!B16) | C16: =IF($B16="","",IFERROR(VLOOKUP($B16,模型信息!$B$5:$C$24,2,0),"")) | D16: =IF($B16="","",IFERROR(AVERAGEIFS(测试记录!$L$5:$L$124,测试记录!$C$5:$C$124,$B16,测试记录!$F$5:$F$124,D$4),"")) | E16: =IF($B16="","",IFERROR(AVERAGEIFS(测试记录!$L$5:$L$124,测试记录!$C$5:$C$124,$B16,测试记录!$F$5:$F$124,E$4),"")) | F16: =IF($B16="","",IFERROR(AVERAGEIFS(测试记录!$L$5:$L$124,测试记录!$C$5:$C$124,$B16,测试记录!$F$5:$F$124,F$4),"")) | G16: =IF($B16="","",IFERROR(AVERAGEIFS(测试记录!$L$5:$L$124,测试记录!$C$5:$C$124,$B16,测试记录!$F$5:$F$124,G$4),"")) | H16: =IF($B16="","",IFERROR(AVERAGEIFS(测试记录!$L$5:$L$124,测试记录!$C$5:$C$124,$B16,测试记录!$F$5:$F$124,H$4),"")) | I16: =IF($B16="","",IFERROR(AVERAGEIFS(测试记录!$L$5:$L$124,测试记录!$C$5:$C$124,$B16,测试记录!$F$5:$F$124,I$4),"")) | J16: =IF($B16="","",IFERROR(AVERAGEIFS(测试记录!$L$5:$L$124,测试记录!$C$5:$C$124,$B16,测试记录!$F$5:$F$124,J$4),"")) | K16: =IF($B16="","",IFERROR(AVERAGEIFS(测试记录!$L$5:$L$124,测试记录!$C$5:$C$124,$B16,测试记录!$F$5:$F$124,K$4),"")) | ... O16: =IF($B16="","",IFERROR(AVERAGEIFS(测试记录!$L$5:$L$124,测试记录!$C$5:$C$124,$B16,测试记录!$F$5:$F$124,O$4),"")) | P16: =IF($B16="","",IFERROR(AVERAGEIFS(测试记录!$L$5:$L$124,测试记录!$C$5:$C$124,$B16),"")) | Q16: =IF($B16="","",COUNTIFS(测试记录!$C$5:$C$124,$B16)) | R16: =IF($P16="","",IFERROR(RANK($P16,$P$5:$P$24),""))
... B24: =IF(模型信息!B24="","",模型信息!B24) | C24: =IF($B24="","",IFERROR(VLOOKUP($B24,模型信息!$B$5:$C$24,2,0),"")) | D24: =IF($B24="","",IFERROR(AVERAGEIFS(测试记录!$L$5:$L$124,测试记录!$C$5:$C$124,$B24,测试记录!$F$5:$F$124,D$4),"")) | E24: =IF($B24="","",IFERROR(AVERAGEIFS(测试记录!$L$5:$L$124,测试记录!$C$5:$C$124,$B24,测试记录!$F$5:$F$124,E$4),"")) | F24: =IF($B24="","",IFERROR(AVERAGEIFS(测试记录!$L$5:$L$124,测试记录!$C$5:$C$124,$B24,测试记录!$F$5:$F$124,F$4),"")) | G24: =IF($B24="","",IFERROR(AVERAGEIFS(测试记录!$L$5:$L$124,测试记录!$C$5:$C$124,$B24,测试记录!$F$5:$F$124,G$4),"")) | H24: =IF($B24="","",IFERROR(AVERAGEIFS(测试记录!$L$5:$L$124,测试记录!$C$5:$C$124,$B24,测试记录!$F$5:$F$124,H$4),"")) | I24: =IF($B24="","",IFERROR(AVERAGEIFS(测试记录!$L$5:$L$124,测试记录!$C$5:$C$124,$B24,测试记录!$F$5:$F$124,I$4),"")) | J24: =IF($B24="","",IFERROR(AVERAGEIFS(测试记录!$L$5:$L$124,测试记录!$C$5:$C$124,$B24,测试记录!$F$5:$F$124,J$4),"")) | K24: =IF($B24="","",IFERROR(AVERAGEIFS(测试记录!$L$5:$L$124,测试记录!$C$5:$C$124,$B24,测试记录!$F$5:$F$124,K$4),"")) | ... O24: =IF($B24="","",IFERROR(AVERAGEIFS(测试记录!$L$5:$L$124,测试记录!$C$5:$C$124,$B24,测试记录!$F$5:$F$124,O$4),"")) | P24: =IF($B24="","",IFERROR(AVERAGEIFS(测试记录!$L$5:$L$124,测试记录!$C$5:$C$124,$B24),"")) | Q24: =IF($B24="","",COUNTIFS(测试记录!$C$5:$C$124,$B24)) | R24: =IF($P24="","",IFERROR(RANK($P24,$P$5:$P$24),""))
B26: 注：本表全部由公式自动计算（按模型ID + 能力维度精确匹配测试记录）；雷达图默认展示前2个模型，新增模型后可右键图表→选择数据，调整展示对象。

Sheet 评分标准
B2: 评分标准与 LLM 评审提示词
B4: 一、通用评分量表（每题默认满分10分）
B5: 分数段 | C5: 等级 | D5: 描述
B6: 9~10 | C6: 优秀 | D6: 完全满足要求：答案正确、完整，产出质量高，无事实性或逻辑错误
B7: 7~8 | C7: 良好 | D7: 主体正确：结论或产出基本正确，仅有轻微瑕疵（表述、格式、小遗漏），不影响使用
B8: 5~6 | C8: 中等 | D8: 部分正确：关键内容约半数正确，或产出明显偏离要求但仍有可用成分
B9: 3~4 | C9: 较差 | D9: 基本错误：仅有少量正确成分，或严重偏离题目要求
B10: 0~2 | C10: 失败 | D10: 完全错误、答非所问、拒答，或严重违反题目约束
B11: 客观选择题可简化为：答对10分、答错0分；多项选择全对10分、漏选酌情给分、错选0分。
B13: 二、各能力维度评分要点
B14: 能力维度 | C14: 考察点 | D14: 推荐题型与题源 | E14: 评分要点/通过标准
B15: 语言理解 | C15: 词义辨析、病句、文言文、阅读理解深层含义 | D15: 高考语文真题（选择/简答）；考研英语阅读 | E15: 客观题按对错计分；简答按要点覆盖度给分
B16: 信息提取 | C16: 实体/数值/时间/因果关系的抽取与表格化 | D16: 合同、新闻、简历等真实文本改编题 | E16: 字段全部正确得满分，漏、错一处扣1~2分
B17: 创造力 | C17: 新颖性、流畅性、灵活性、文字表现力 | D17: 高考作文题、命题写作、发散性任务 | E17: 按新颖性/切题度/结构/语言分项加权
B18: 指令遵循 | C18: 多指令复合：格式+字数+语气+顺序 | D18: IFEval类约束指令、多步任务 | E18: 逐条核对指令，满足一条记一分，按比例折算
B19: 复杂推理 | C19: 多步数学、逻辑演绎、因果链条 | D19: 高考数学、GSM8K/MATH、考研逻辑 | E19: 过程与结论分开评：结论对但过程错最多6分
B20: 约束处理 | C20: 硬约束不违反：禁用词、必含要素、长度上限 | D20: 多重约束写作题（如100字内、禁用某字） | E20: 违反任一硬约束直接0~2分；软约束酌情扣分
B21: 结构化输出 | C21: JSON/YAML/表格的合法性、完整性、可解析性 | D21: 文本转JSON/Markdown表格任务 | E21: 程序校验：解析失败0分；字段缺失按比例扣分
B22: 长文本组织 | C22: 长文摘要完整性、报告结构性、多篇融合 | D22: 长报告摘要、LongBench类任务 | E22: 按覆盖率+忠实度+结构性三个维度评
B23: 上下文利用 | C23: 指代消解、多轮依赖、上文信息沿用 | D23: 多轮对话题、大海捞针变体 | E23: 必须依托上文信息才能答对才算通过
B24: 信息检索 | C24: 给定材料内定位证据、多跳查找、标注出处 | D24: 提供文档集的问答（RAG式） | E24: 答案须出自给定材料并给出处；编造0分
B25: 评估 | C25: 对文本/作文/方案判优劣并给出理由 | D25: 高考作文互评、方案对比排序 | E25: 判断结论与理由质量各占一半权重
B26: 错误识别 | C26: 病句、事实错误、逻辑漏洞、代码bug定位 | D26: 高考病句题、植入错误的代码或短文 | E26: 找全且改对得满分；漏找、误报按比例扣分
B28: 三、LLM评审提示词模板（复制后填入三处空位，即可用强模型评弱模型）
B29: 1 | C29: 你是严格且公正的阅卷评分官。请根据下面三部分信息，对【模型回答】打分：
B30: 2 | C30: 【题目】<粘贴题干与全部要求>
B31: 3 | C31: 【参考答案/评分要点】<粘贴题目信息表中的参考答案与评分要点>
B32: 4 | C32: 【模型回答】<粘贴测试记录表中的模型原始回答>
B33: 5 | C33: 评分规则：满分10分。先逐条核对要求与评分要点，指出对错；再检查硬约束；最后给总分。
B34: 6 | C34: 只按以下格式输出：
B35: 7 | C35: 分析：<逐条核对过程与扣分理由>
B36: 8 | C36: 得分：<0-10的整数>
B37: 9 | C37: 提示：不因冗长加分；约束类题目违反任一硬约束，总分不超过2分。
